{"stats":{"minecraft:used":{"minecraft:wooden_axe":10,"minecraft:stone_pickaxe":3,"minecraft:melon_slice":6,"minecraft:wooden_pickaxe":15,"minecraft:stone_axe":37,"minecraft:cobblestone":3,"minecraft:crafting_table":2,"minecraft:porkchop":7},"minecraft:custom":{"minecraft:time_since_rest":11999,"minecraft:sprint_one_cm":45907,"minecraft:damage_taken":230,"minecraft:walk_one_cm":10350,"minecraft:mob_kills":19,"minecraft:drop":3,"minecraft:damage_dealt":2740,"minecraft:swim_one_cm":3710,"minecraft:interact_with_crafting_table":4,"minecraft:fly_one_cm":142206,"minecraft:open_chest":2,"minecraft:crouch_one_cm":5240,"minecraft:play_time":11999,"minecraft:sneak_time":1535,"minecraft:walk_under_water_one_cm":195,"minecraft:jump":558,"minecraft:time_since_death":11999,"minecraft:walk_on_water_one_cm":807,"minecraft:total_world_time":11999,"minecraft:fall_one_cm":24887},"minecraft:killed":{"minecraft:sheep":3,"minecraft:pig":3,"minecraft:iron_golem":1,"minecraft:cow":12},"minecraft:mined":{"minecraft:hay_block":22,"minecraft:crafting_table":1,"minecraft:grass":7,"minecraft:acacia_log":12,"minecraft:melon":6,"minecraft:tall_grass":1,"minecraft:cobblestone":3,"minecraft:stone":15,"minecraft:sugar_cane":1},"minecraft:picked_up":{"minecraft:crafting_table":1,"minecraft:leather":15,"minecraft:acacia_log":12,"minecraft:porkchop":7,"minecraft:wheat_seeds":2,"minecraft:hay_block":22,"minecraft:iron_ingot":4,"minecraft:beef":22,"minecraft:poppy":2,"minecraft:melon_slice":27,"minecraft:sugar_cane":2,"minecraft:mutton":3,"minecraft:white_wool":3,"minecraft:cobblestone":17},"minecraft:dropped":{"minecraft:poppy":2,"minecraft:wheat_seeds":2},"minecraft:crafted":{"minecraft:crafting_table":1,"minecraft:stick":8,"minecraft:wooden_pickaxe":1,"minecraft:stone_pickaxe":1,"minecraft:wooden_axe":1,"minecraft:acacia_planks":48,"minecraft:stone_axe":1}},"DataVersion":3337}