{"stats":{"minecraft:custom":{"minecraft:jump":144,"minecraft:time_since_rest":9248,"minecraft:damage_dealt":55,"minecraft:damage_taken":120,"minecraft:crouch_one_cm":92,"minecraft:leave_game":1,"minecraft:play_time":9248,"minecraft:sprint_one_cm":11543,"minecraft:time_since_death":9248,"minecraft:walk_on_water_one_cm":814,"minecraft:walk_one_cm":3321,"minecraft:sneak_time":31,"minecraft:total_world_time":9248,"minecraft:walk_under_water_one_cm":405,"minecraft:swim_one_cm":1584,"minecraft:fall_one_cm":3597,"minecraft:drop":1,"minecraft:fly_one_cm":30546},"minecraft:mined":{"minecraft:grass":1},"minecraft:picked_up":{"minecraft:wheat_seeds":1,"minecraft:wooden_pickaxe":1,"minecraft:cobblestone":12},"minecraft:dropped":{"minecraft:wheat_seeds":1}},"DataVersion":3337}