{"stats":{"minecraft:used":{"minecraft:stone_pickaxe":63,"minecraft:wooden_pickaxe":13,"minecraft:stone_axe":16,"minecraft:crafting_table":2,"minecraft:furnace":1,"minecraft:cooked_beef":2},"minecraft:custom":{"minecraft:time_since_rest":10889,"minecraft:interact_with_furnace":4,"minecraft:sprint_one_cm":23234,"minecraft:damage_taken":116,"minecraft:walk_one_cm":11641,"minecraft:mob_kills":4,"minecraft:drop":2,"minecraft:damage_dealt":400,"minecraft:swim_one_cm":1299,"minecraft:interact_with_crafting_table":4,"minecraft:fly_one_cm":80339,"minecraft:crouch_one_cm":3805,"minecraft:play_time":10889,"minecraft:sneak_time":1093,"minecraft:walk_under_water_one_cm":55,"minecraft:jump":306,"minecraft:leave_game":1,"minecraft:walk_on_water_one_cm":1286,"minecraft:time_since_death":10889,"minecraft:total_world_time":10889,"minecraft:fall_one_cm":6699},"minecraft:killed":{"minecraft:cow":4},"minecraft:mined":{"minecraft:furnace":1,"minecraft:iron_ore":1,"minecraft:crafting_table":1,"minecraft:acacia_log":8,"minecraft:coal_ore":36,"minecraft:oak_log":6,"minecraft:tall_grass":1,"minecraft:stone":38},"minecraft:dropped":{"minecraft:wheat_seeds":1,"minecraft:stone_pickaxe":1},"minecraft:picked_up":{"minecraft:stick":1,"minecraft:crafting_table":1,"minecraft:raw_iron":1,"minecraft:leather":6,"minecraft:acacia_log":8,"minecraft:oak_log":6,"minecraft:wheat_seeds":1,"minecraft:beef":11,"minecraft:coal":70,"minecraft:cobblestone":39,"minecraft:furnace":1},"minecraft:crafted":{"minecraft:cooked_beef":9,"minecraft:oak_planks":24,"minecraft:crafting_table":2,"minecraft:stick":8,"minecraft:wooden_pickaxe":1,"minecraft:stone_pickaxe":2,"minecraft:furnace":1,"minecraft:acacia_planks":32,"minecraft:stone_axe":1,"minecraft:air":0}},"DataVersion":3337}