{"stats":{"minecraft:used":{"minecraft:stone_sword":19,"minecraft:stone_pickaxe":47,"minecraft:map":2,"minecraft:leather_chestplate":1,"minecraft:wooden_pickaxe":6,"minecraft:cut_sandstone":6,"minecraft:stone_axe":2,"minecraft:sand":3,"minecraft:crafting_table":1,"minecraft:acacia_planks":2},"minecraft:killed_by":{"minecraft:drowned":1},"minecraft:custom":{"minecraft:time_since_rest":5960,"minecraft:sprint_one_cm":13100,"minecraft:damage_taken":313,"minecraft:walk_one_cm":10032,"minecraft:mob_kills":4,"minecraft:drop":3,"minecraft:damage_dealt":913,"minecraft:swim_one_cm":56691,"minecraft:interact_with_crafting_table":3,"minecraft:fly_one_cm":34130,"minecraft:open_chest":27,"minecraft:crouch_one_cm":1040,"minecraft:play_time":10839,"minecraft:deaths":1,"minecraft:sneak_time":1366,"minecraft:walk_under_water_one_cm":17634,"minecraft:jump":157,"minecraft:walk_on_water_one_cm":11442,"minecraft:time_since_death":5929,"minecraft:total_world_time":10839,"minecraft:fall_one_cm":4824},"minecraft:killed":{"minecraft:drowned":4},"minecraft:mined":{"minecraft:cut_sandstone":13,"minecraft:magma_block":1,"minecraft:iron_ore":2,"minecraft:polished_granite":1,"minecraft:crafting_table":1,"minecraft:grass":2,"minecraft:acacia_log":5,"minecraft:coal_ore":4,"minecraft:sand":7,"minecraft:polished_diorite":1,"minecraft:stone":24},"minecraft:dropped":{"minecraft:filled_map":1,"minecraft:cobblestone":12,"minecraft:wooden_pickaxe":1},"minecraft:picked_up":{"minecraft:nautilus_shell":1,"minecraft:fishing_rod":1,"minecraft:raw_iron":4,"minecraft:stick":3,"minecraft:crafting_table":2,"minecraft:wheat":27,"minecraft:leather_chestplate":1,"minecraft:copper_ingot":1,"minecraft:cut_sandstone":12,"minecraft:acacia_log":5,"minecraft:filled_map":1,"minecraft:sand":12,"minecraft:polished_granite":1,"minecraft:stone_sword":1,"minecraft:rotten_flesh":6,"minecraft:acacia_planks":7,"minecraft:polished_diorite":1,"minecraft:tropical_fish":1,"minecraft:stone_axe":2,"minecraft:stone_pickaxe":1,"minecraft:emerald":1,"minecraft:coal":22,"minecraft:cobblestone":28},"minecraft:crafted":{"minecraft:crafting_table":1,"minecraft:stick":8,"minecraft:wooden_pickaxe":1,"minecraft:stone_pickaxe":1,"minecraft:stone_sword":1,"minecraft:acacia_planks":20,"minecraft:stone_axe":1}},"DataVersion":3337}