{"stats":{"minecraft:used":{"minecraft:stone_sword":2,"minecraft:stone_pickaxe":22,"minecraft:baked_potato":4,"minecraft:iron_pickaxe":9,"minecraft:wooden_pickaxe":4,"minecraft:stone_axe":21,"minecraft:cobblestone":4,"minecraft:crafting_table":1,"minecraft:furnace":1},"minecraft:custom":{"minecraft:time_since_rest":9661,"minecraft:interact_with_furnace":7,"minecraft:sprint_one_cm":25804,"minecraft:damage_taken":144,"minecraft:walk_one_cm":7558,"minecraft:mob_kills":6,"minecraft:drop":4,"minecraft:damage_dealt":751,"minecraft:fly_one_cm":43830,"minecraft:interact_with_crafting_table":12,"minecraft:swim_one_cm":17033,"minecraft:open_chest":3,"minecraft:crouch_one_cm":3855,"minecraft:play_time":9661,"minecraft:sneak_time":1231,"minecraft:walk_under_water_one_cm":3566,"minecraft:jump":223,"minecraft:time_since_death":9661,"minecraft:walk_on_water_one_cm":8455,"minecraft:total_world_time":9661,"minecraft:fall_one_cm":8824},"minecraft:killed":{"minecraft:zombie":2,"minecraft:chicken":1,"minecraft:cow":3},"minecraft:mined":{"minecraft:furnace":1,"minecraft:iron_ore":4,"minecraft:crafting_table":2,"minecraft:grass":5,"minecraft:acacia_log":11,"minecraft:coal_ore":4,"minecraft:stone":26},"minecraft:dropped":{"minecraft:wheat_seeds":1,"minecraft:stone_pickaxe":1,"minecraft:wooden_pickaxe":2},"minecraft:picked_up":{"minecraft:raw_iron":4,"minecraft:crafting_table":2,"minecraft:feather":1,"minecraft:chicken":1,"minecraft:leather":2,"minecraft:acacia_log":11,"minecraft:wooden_pickaxe":1,"minecraft:rotten_flesh":3,"minecraft:wheat_seeds":2,"minecraft:beef":4,"minecraft:baked_potato":3,"minecraft:coal":7,"minecraft:cobblestone":26,"minecraft:furnace":1},"minecraft:crafted":{"minecraft:shield":1,"minecraft:stick":8,"minecraft:baked_potato":2,"minecraft:wooden_pickaxe":1,"minecraft:iron_ingot":1,"minecraft:iron_helmet":1,"minecraft:iron_pickaxe":1,"minecraft:stone_pickaxe":1,"minecraft:stone_sword":1,"minecraft:furnace":1,"minecraft:acacia_planks":44,"minecraft:stone_axe":1,"minecraft:air":0}},"DataVersion":3337}